sim_time,zone_temp_c,pmv,site_electricity_j,cooling_setpoint_c,heating_setpoint_c,controller,note
1.0,23.06199407905841,-0.8114077708594225,4228.018768404038,24.0,20.0,baseline,fixed baseline schedule
2.0,23.01515825817007,-0.8317447156488175,4228.018768404038,24.0,20.0,baseline,fixed baseline schedule
3.0,22.960337238434,-0.8544159798597915,4228.018768404038,24.0,20.0,baseline,fixed baseline schedule
4.0,22.89947146726375,-0.876073943333054,4228.018768404038,24.0,20.0,baseline,fixed baseline schedule
5.0,22.860637395366837,-0.8902355380395828,1925.0187684040384,24.0,20.0,baseline,fixed baseline schedule
6.0,22.831246686190486,-0.8994788878004513,1925.0187684040384,24.0,20.0,baseline,fixed baseline schedule
7.083333333333333,22.824702216924592,-0.8995140067342832,1925.0187684040384,24.0,20.0,baseline,fixed baseline schedule
8.083333333333334,22.875189443230706,-0.8849215924991054,1925.0187684040384,24.0,20.0,baseline,fixed baseline schedule
9.055555555555555,22.945173821454855,-0.8634281472551191,1925.0187684040384,24.0,20.0,baseline,fixed baseline schedule
10.055555555555555,23.036771986891132,-0.8377757676206429,1925.0187684040384,24.0,20.0,baseline,fixed baseline schedule
11.083333333333334,23.141027152411024,-0.8060019806589277,1925.0187684040384,24.0,20.0,baseline,fixed baseline schedule
12.0,23.201073081274558,-0.7827032143026508,1925.0187684040384,24.0,20.0,baseline,fixed baseline schedule
13.0,23.301763355459435,-0.7526003816776912,1925.0187684040384,24.0,20.0,baseline,fixed baseline schedule
14.0,23.262300740588095,-0.7521101007052446,1925.0187684040384,24.0,20.0,baseline,fixed baseline schedule
15.083333333333334,23.262648815417304,-0.7475887868345812,1925.0187684040384,24.0,20.0,baseline,fixed baseline schedule
16.055555555555557,23.12658432647533,-0.776858907697523,1925.0187684040384,24.0,20.0,baseline,fixed baseline schedule
17.083333333333332,23.03321700227897,-0.8017181099291295,1925.0187684040384,24.0,20.0,baseline,fixed baseline schedule
18.0,23.042794372981042,-0.8010631940574742,1925.0187684040384,24.0,20.0,baseline,fixed baseline schedule
19.083333333333332,23.04043551112988,-0.800116245319002,1925.0187684040384,24.0,20.0,baseline,fixed baseline schedule
20.083333333333332,23.02779084288835,-0.8026759005902266,4228.018768404038,24.0,20.0,baseline,fixed baseline schedule
21.0,23.01462730593704,-0.8046777417829881,4228.018768404038,24.0,20.0,baseline,fixed baseline schedule
22.0,23.08391966065498,-0.7942208026835433,4228.018768404038,24.0,20.0,baseline,fixed baseline schedule
23.0,23.09768778025043,-0.7947930590580742,4228.018768404038,24.0,20.0,baseline,fixed baseline schedule
24.0,23.26152321606012,-0.7608388887889329,4778.024130804039,24.0,20.0,baseline,fixed baseline schedule
25.0,23.280145422355705,-0.7565373458359329,4778.024130804039,24.0,20.0,baseline,fixed baseline schedule
26.0,23.281828255054602,-0.7548331226521333,4778.024130804039,24.0,20.0,baseline,fixed baseline schedule
27.0,23.275155847106788,-0.7572676565228806,4778.024130804039,24.0,20.0,baseline,fixed baseline schedule
28.0,23.263126253106986,-0.7631341103309695,4778.024130804039,24.0,20.0,baseline,fixed baseline schedule
29.0,23.28965856448318,-0.7560576468926509,2750.026812004039,24.0,20.0,baseline,fixed baseline schedule
30.083333333333332,24.000010262258748,-0.6068885274859495,5404.800889752595,24.0,20.0,baseline,fixed baseline schedule
31.083333333333332,24.01313489227898,-0.5729636357575916,6243.1126882902045,24.0,20.0,baseline,fixed baseline schedule
32.083333333333336,23.99945533998745,-0.5149183289958241,13510.061998809055,24.0,20.0,baseline,fixed baseline schedule
33.083333333333336,23.999410833353096,-0.4997605662833459,13861.15379008164,24.0,20.0,baseline,fixed baseline schedule
34.083333333333336,23.99936495833741,-0.49325347939186276,14066.459395584505,24.0,20.0,baseline,fixed baseline schedule
35.05555555555556,23.999542719408495,-0.48551891285977317,14310.62669013325,24.0,20.0,baseline,fixed baseline schedule
36.041666666666664,23.999756563560062,-0.4854692218722441,13836.93284249186,24.0,20.0,baseline,fixed baseline schedule
37.083333333333336,23.99928195283118,-0.4700738540682177,14941.977312705127,24.0,20.0,baseline,fixed baseline schedule
38.0,23.99892642134712,-0.46256383351870317,15077.838272294553,24.0,20.0,baseline,fixed baseline schedule
39.083333333333336,23.99929143376523,-0.4574099967654784,15171.547583048263,24.0,20.0,baseline,fixed baseline schedule
40.08333333333333,23.999285578470264,-0.4488006234470863,15104.240123685753,24.0,20.0,baseline,fixed baseline schedule
41.05555555555556,23.999870031590795,-0.48271514563892287,9825.38428224072,24.0,20.0,baseline,fixed baseline schedule
42.05555555555556,23.999965710286425,-0.49791608370372037,7624.909682463596,24.0,20.0,baseline,fixed baseline schedule
43.05555555555556,23.999920429834596,-0.5084919620809627,7326.901533139162,24.0,20.0,baseline,fixed baseline schedule
44.05555555555556,23.999933526626116,-0.5446189778662698,8458.937755443287,24.0,20.0,baseline,fixed baseline schedule
45.08333333333333,23.99997348182172,-0.5631458263456921,8194.857518699962,24.0,20.0,baseline,fixed baseline schedule
46.08333333333333,24.19928426217544,-0.5234403997210938,5053.026812004038,24.0,20.0,baseline,fixed baseline schedule
47.0,24.064533709529616,-0.5530500934106211,4778.024130804039,24.0,20.0,baseline,fixed baseline schedule
48.0,23.932025327800513,-0.5880910916414521,4778.024130804039,24.0,20.0,baseline,fixed baseline schedule
49.0,23.75446573207044,-0.6357901794538829,4778.024130804039,24.0,20.0,baseline,fixed baseline schedule
50.0,23.65941461181015,-0.6696762924946219,4778.024130804039,24.0,20.0,baseline,fixed baseline schedule
51.0,23.537604572375603,-0.7096838422928752,4778.024130804039,24.0,20.0,baseline,fixed baseline schedule
52.0,23.40886943503228,-0.75568020651191,4778.024130804039,24.0,20.0,baseline,fixed baseline schedule
53.0,23.39151855734901,-0.7741391470405705,2750.026812004039,24.0,20.0,baseline,fixed baseline schedule
54.05555555555556,23.999991876738008,-0.6476548424449327,5547.3348714161475,24.0,20.0,baseline,fixed baseline schedule
55.041666666666664,24.00005874645204,-0.6215344225890567,6389.131412614326,24.0,20.0,baseline,fixed baseline schedule
56.03333333333333,23.999777507114356,-0.5464167551370903,13620.610494000324,24.0,20.0,baseline,fixed baseline schedule
57.03333333333333,23.99974556993928,-0.5268302225509768,13910.496340156085,24.0,20.0,baseline,fixed baseline schedule
58.041666666666664,23.99966883331944,-0.5179152661553191,14156.147369775088,24.0,20.0,baseline,fixed baseline schedule
59.041666666666664,23.999561965182142,-0.5214066397001662,14486.315285064426,24.0,20.0,baseline,fixed baseline schedule
60.083333333333336,23.999598363326907,-0.5328379340660674,13802.283865404122,24.0,20.0,baseline,fixed baseline schedule
61.0,23.9990071724957,-0.5080796937556387,14888.986515992663,24.0,20.0,baseline,fixed baseline schedule
62.05555555555556,23.999536659947527,-0.4972479743719321,14880.238934411456,24.0,20.0,baseline,fixed baseline schedule
63.05555555555556,23.999567443367372,-0.4870358318638828,15149.002709953365,24.0,20.0,baseline,fixed baseline schedule
64.05555555555556,23.999495625184895,-0.4749192134602366,15256.484924221415,24.0,20.0,baseline,fixed baseline schedule
65.05555555555556,23.999868740558526,-0.5135777978769228,10009.884974013188,24.0,20.0,baseline,fixed baseline schedule
66.05555555555556,23.999947638237145,-0.5332797082953494,8035.3228274634,24.0,20.0,baseline,fixed baseline schedule
67.05555555555556,23.99996002497837,-0.5372482576022646,7692.207576428327,24.0,20.0,baseline,fixed baseline schedule
68.08333333333333,23.99997720608595,-0.5456952343752847,9067.063637527597,24.0,20.0,baseline,fixed baseline schedule
69.08333333333333,23.99997479604152,-0.5478204503333381,8868.814511968552,24.0,20.0,baseline,fixed baseline schedule
70.08333333333333,24.325447256767074,-0.48888350126759694,5053.026812004038,24.0,20.0,baseline,fixed baseline schedule
71.0,24.508625253806684,-0.44968655326528906,4778.024130804039,24.0,20.0,baseline,fixed baseline schedule
72.0,24.368466873573364,-0.4835215569780476,4228.018768404038,24.0,20.0,baseline,fixed baseline schedule
73.0,24.262243549663687,-0.5107391412350831,4228.018768404038,24.0,20.0,baseline,fixed baseline schedule
74.0,24.156680745381028,-0.541940265001758,4228.018768404038,24.0,20.0,baseline,fixed baseline schedule
75.0,24.055011887074656,-0.567278874580175,4228.018768404038,24.0,20.0,baseline,fixed baseline schedule
76.0,24.016746390721877,-0.5733379010002997,4228.018768404038,24.0,20.0,baseline,fixed baseline schedule
77.0,24.018317143170314,-0.5619355877942417,1925.0187684040384,24.0,20.0,baseline,fixed baseline schedule
78.08333333333333,24.11853637676277,-0.5239223579999008,1925.0187684040384,24.0,20.0,baseline,fixed baseline schedule
79.05555555555556,24.42014536646112,-0.44483125177128013,1925.0187684040384,24.0,20.0,baseline,fixed baseline schedule
80.05555555555556,24.214608839002203,-0.486520443248892,1925.0187684040384,24.0,20.0,baseline,fixed baseline schedule
81.05555555555556,24.56590238926803,-0.4039094286221564,2445.069186056393,24.0,20.0,baseline,fixed baseline schedule
82.08333333333333,24.00285497966837,-0.5059512729822869,2831.1342773244396,24.0,20.0,baseline,fixed baseline schedule
83.05555555555556,24.349850513277698,-0.42842826254585775,1925.0187684040384,24.0,20.0,baseline,fixed baseline schedule
84.05555555555556,24.000056349051363,-0.4888772585385703,2865.0302396446723,24.0,20.0,baseline,fixed baseline schedule
85.05555555555556,24.44308078357809,-0.39832120195840254,1925.0187684040384,24.0,20.0,baseline,fixed baseline schedule
86.0,24.000688789510903,-0.4734417418382481,2961.2349941741068,24.0,20.0,baseline,fixed baseline schedule
87.04166666666667,24.48877750825393,-0.37511475897344115,1925.0187684040384,24.0,20.0,baseline,fixed baseline schedule
88.08333333333333,24.000922927525117,-0.46557592524873653,3857.2789099187767,24.0,20.0,baseline,fixed baseline schedule
89.04166666666667,24.50905522756467,-0.3672880556128652,1925.0187684040384,24.0,20.0,baseline,fixed baseline schedule
90.05555555555556,24.000445885049125,-0.45600033942632573,3697.963504268434,24.0,20.0,baseline,fixed baseline schedule
91.05555555555556,24.50316553243003,-0.3570458739298661,1925.0187684040384,24.0,20.0,baseline,fixed baseline schedule
92.08333333333333,24.002579274571502,-0.4476522593354171,5266.353000279603,24.0,20.0,baseline,fixed baseline schedule
93.05555555555556,24.440928152339097,-0.35830301743814025,4228.018768404038,24.0,20.0,baseline,fixed baseline schedule
94.0,24.000681228624206,-0.4378876184352518,5237.873384407831,24.0,20.0,baseline,fixed baseline schedule
95.05555555555556,24.438806152463506,-0.35394110902879306,4228.018768404038,24.0,20.0,baseline,fixed baseline schedule
96.0,24.000719633440006,-0.4346873764883672,5790.9437900914545,24.0,20.0,baseline,fixed baseline schedule
97.05555555555556,24.464242998640735,-0.3501052193739581,4778.024130804039,24.0,20.0,baseline,fixed baseline schedule
98.0,24.000778898709395,-0.44672031494806885,5778.864358719448,24.0,20.0,baseline,fixed baseline schedule
99.05555555555556,24.438514832950787,-0.37628755407780873,4778.024130804039,24.0,20.0,baseline,fixed baseline schedule
100.0,24.001098431632578,-0.4706087868754363,5732.455018132602,24.0,20.0,baseline,fixed baseline schedule
101.05555555555556,24.447240838392695,-0.3811195807111396,2750.026812004039,24.0,20.0,baseline,fixed baseline schedule
102.0,23.999769318275202,-0.492962137156905,7448.134988553382,24.0,20.0,baseline,fixed baseline schedule
103.05555555555556,23.999977405679594,-0.4470142604609524,9090.981880197238,24.0,20.0,baseline,fixed baseline schedule
104.04166666666667,23.99952247286736,-0.3856536971700558,16831.574992117457,24.0,20.0,baseline,fixed baseline schedule
105.04166666666667,23.999451481563845,-0.3736243304572457,17293.01254132922,24.0,20.0,baseline,fixed baseline schedule
106.05555555555556,23.999294437704993,-0.3695629203608385,17510.814545335554,24.0,20.0,baseline,fixed baseline schedule
107.05555555555556,23.99928309548298,-0.36257807800732517,17932.487061204356,24.0,20.0,baseline,fixed baseline schedule
108.0,23.998826481783233,-0.3668719797878781,16999.268402544167,24.0,20.0,baseline,fixed baseline schedule
109.0,23.998285996870877,-0.358220897210341,18220.31995156579,24.0,20.0,baseline,fixed baseline schedule
110.0,23.99839019917486,-0.35616912451732247,18536.08374913613,24.0,20.0,baseline,fixed baseline schedule
111.08333333333333,23.998957244090636,-0.35323037691299336,18696.14515480511,24.0,20.0,baseline,fixed baseline schedule
112.08333333333333,23.998932593498658,-0.3460023999673394,18539.822206758538,24.0,20.0,baseline,fixed baseline schedule
113.05555555555556,23.999760909653837,-0.37556203505635033,12996.751033736256,24.0,20.0,baseline,fixed baseline schedule
114.05555555555556,23.99984570994909,-0.39348500028648103,10540.185955051995,24.0,20.0,baseline,fixed baseline schedule
115.05555555555556,23.999898785247737,-0.39635011760133326,10030.494928901338,24.0,20.0,baseline,fixed baseline schedule
116.08333333333333,23.99988849743893,-0.4053821379658691,11137.552380724705,24.0,20.0,baseline,fixed baseline schedule
117.0,23.99985292178875,-0.4083303690153734,10816.43639675529,24.0,20.0,baseline,fixed baseline schedule
118.0,24.000931583108994,-0.4164226095089154,6185.750088378455,24.0,20.0,baseline,fixed baseline schedule
119.05555555555556,24.62958233029338,-0.30413527334909024,4778.024130804039,24.0,20.0,baseline,fixed baseline schedule
120.0,24.001076576723257,-0.43692204018137054,5849.419340837011,24.0,20.0,baseline,fixed baseline schedule
121.05555555555556,24.586497821035604,-0.3398966700399624,4778.024130804039,24.0,20.0,baseline,fixed baseline schedule
122.0,24.001095699516156,-0.45750570537721597,5821.283553477707,24.0,20.0,baseline,fixed baseline schedule
123.05555555555556,24.484485232916967,-0.3742326071978681,4778.024130804039,24.0,20.0,baseline,fixed baseline schedule
124.0,24.000873416841642,-0.46621076506039405,5690.615187848059,24.0,20.0,baseline,fixed baseline schedule
125.08333333333333,24.467259950254636,-0.37116451005503304,2750.026812004039,24.0,20.0,baseline,fixed baseline schedule
126.08333333333333,23.999806877718687,-0.48734648265607033,7412.263525242895,24.0,20.0,baseline,fixed baseline schedule
127.04166666666667,24.000003820214463,-0.43969176985096736,9188.82141554689,24.0,20.0,baseline,fixed baseline schedule
128.04166666666666,23.999510073011184,-0.37579712197905013,16950.467428262422,24.0,20.0,baseline,fixed baseline schedule
129.05555555555554,23.99933233316199,-0.35785964127044356,17530.15004476365,24.0,20.0,baseline,fixed baseline schedule
130.04166666666666,23.999425636271326,-0.348136462859271,17812.478040892354,24.0,20.0,baseline,fixed baseline schedule
131.08333333333334,23.998932135359958,-0.34292864618937546,18202.688720904116,24.0,20.0,baseline,fixed baseline schedule
132.0,23.99875522668005,-0.3450725484164822,17478.32073619468,24.0,20.0,baseline,fixed baseline schedule
133.0,23.998154389151765,-0.3355234417090841,18634.223079537987,24.0,20.0,baseline,fixed baseline schedule
134.0,23.998222680634818,-0.33621949776326937,18899.36722787365,24.0,20.0,baseline,fixed baseline schedule
135.08333333333334,23.998922561009117,-0.33139096062475504,18912.03416623143,24.0,20.0,baseline,fixed baseline schedule
136.08333333333334,23.99879878053504,-0.32822047157395173,18916.94829310676,24.0,20.0,baseline,fixed baseline schedule
137.05555555555554,23.999735160905214,-0.359592147406408,13064.076682206518,24.0,20.0,baseline,fixed baseline schedule
138.04166666666666,23.999907691462063,-0.36991706313053213,10721.386079683954,24.0,20.0,baseline,fixed baseline schedule
139.04166666666666,23.999888221373393,-0.38096791088261917,8600.669734228544,24.0,20.0,baseline,fixed baseline schedule
140.05555555555554,23.999934448058497,-0.39525382796436476,9717.560789631705,24.0,20.0,baseline,fixed baseline schedule
141.08333333333334,23.999930080758514,-0.40029026912547006,9607.168529929326,24.0,20.0,baseline,fixed baseline schedule
142.08333333333334,24.700828736803736,-0.27207951778703815,5603.222623287558,24.0,20.0,baseline,fixed baseline schedule
143.0,23.999941210728487,-0.43148289351376157,5685.948969472844,24.0,20.0,baseline,fixed baseline schedule
144.08333333333334,24.393074839175874,-0.3520865740985664,4228.018768404038,24.0,20.0,baseline,fixed baseline schedule
145.0,24.644483055041192,-0.28721611338076086,4228.018768404038,24.0,20.0,baseline,fixed baseline schedule
146.08333333333334,24.043835643122122,-0.3993186000141533,5086.10692112981,24.0,20.0,baseline,fixed baseline schedule
147.0,24.001822425862496,-0.41537573762812663,5112.022232766214,24.0,20.0,baseline,fixed baseline schedule
148.0,24.000165303911714,-0.41799237002080586,5096.301154285117,24.0,20.0,baseline,fixed baseline schedule
149.08333333333334,24.280260891072434,-0.3696988519956117,1925.0187684040384,24.0,20.0,baseline,fixed baseline schedule
150.0,23.999804092480467,-0.46889482385629255,6816.656654662156,24.0,20.0,baseline,fixed baseline schedule
151.08333333333334,23.999958624235624,-0.46472806586011967,6486.705412178639,24.0,20.0,baseline,fixed baseline schedule
152.04166666666666,23.999903145759465,-0.4557399243372722,8600.76592829312,24.0,20.0,baseline,fixed baseline schedule
153.04166666666666,23.99984010671091,-0.4685674891117454,8926.226754399619,24.0,20.0,baseline,fixed baseline schedule
154.05555555555554,23.9998694649512,-0.4831960453419621,8871.634199225442,24.0,20.0,baseline,fixed baseline schedule
155.04166666666666,23.999825509028884,-0.5011859656466686,9407.17876931011,24.0,20.0,baseline,fixed baseline schedule
156.08333333333334,23.999868871469342,-0.5413385756934973,7641.034297922695,24.0,20.0,baseline,fixed baseline schedule
157.05555555555554,23.999985764081273,-0.5472689504121787,7336.648900269485,24.0,20.0,baseline,fixed baseline schedule
158.04166666666666,23.999966420032404,-0.5486958400069188,7178.78126085314,24.0,20.0,baseline,fixed baseline schedule
159.08333333333334,23.999938075733837,-0.5551450476569917,7084.856820643572,24.0,20.0,baseline,fixed baseline schedule
160.08333333333334,23.999982954406004,-0.5492692275049502,6890.7561601966045,24.0,20.0,baseline,fixed baseline schedule
161.05555555555554,24.00002420361971,-0.5365736128310666,5671.785818294915,24.0,20.0,baseline,fixed baseline schedule
162.08333333333334,24.27546774836314,-0.4655838014655505,1925.0187684040384,24.0,20.0,baseline,fixed baseline schedule
163.08333333333334,24.500916237696238,-0.41119161985454455,1925.0187684040384,24.0,20.0,baseline,fixed baseline schedule
164.08333333333334,24.034030129577953,-0.503769568903775,5036.0034986006885,24.0,20.0,baseline,fixed baseline schedule
165.0,24.00182916684107,-0.5240665799138875,5039.671373983807,24.0,20.0,baseline,fixed baseline schedule
166.0,24.001954029750493,-0.5235218657384293,5015.703522420996,24.0,20.0,baseline,fixed baseline schedule
167.08333333333334,24.037914531519238,-0.5025104034169473,5000.716768573375,24.0,20.0,baseline,fixed baseline schedule
168.0,24.481801807319197,-0.40643001810624396,4228.018768404038,24.0,20.0,baseline,fixed baseline schedule
169.0,24.246058258495697,-0.44395915118855617,4228.018768404038,24.0,20.0,baseline,fixed baseline schedule
170.0,24.3373522270382,-0.38934515569388845,4228.018768404038,24.0,20.0,baseline,fixed baseline schedule
171.0,24.218294246228197,-0.3973516742341971,4228.018768404038,24.0,20.0,baseline,fixed baseline schedule
172.0,24.162314203345495,-0.4052400034479865,4228.018768404038,24.0,20.0,baseline,fixed baseline schedule
173.0,24.041991181174204,-0.43415411440842594,1925.0187684040384,24.0,20.0,baseline,fixed baseline schedule
174.08333333333334,24.176880431241344,-0.40182440135087827,1925.0187684040384,24.0,20.0,baseline,fixed baseline schedule
175.08333333333334,24.2672334668502,-0.360799751713162,1925.0187684040384,24.0,20.0,baseline,fixed baseline schedule
176.05555555555554,24.39428812760427,-0.3108097220118632,1925.0187684040384,24.0,20.0,baseline,fixed baseline schedule
177.04166666666666,24.273741217234715,-0.3475690288957609,1925.0187684040384,24.0,20.0,baseline,fixed baseline schedule
178.04166666666666,24.01444799798137,-0.4006926429212775,2883.1174924952998,24.0,20.0,baseline,fixed baseline schedule
179.08333333333334,24.405675629265485,-0.3324916182779587,1925.0187684040384,24.0,20.0,baseline,fixed baseline schedule
180.08333333333334,24.002582401858607,-0.422186220085311,2959.1566604312693,24.0,20.0,baseline,fixed baseline schedule
181.05555555555554,24.392279602467262,-0.35524551859106746,1925.0187684040384,24.0,20.0,baseline,fixed baseline schedule
182.0,24.000718156341872,-0.4318762705181689,2923.3842332472063,24.0,20.0,baseline,fixed baseline schedule
183.08333333333334,24.449423044689205,-0.33402197201249206,1925.0187684040384,24.0,20.0,baseline,fixed baseline schedule
184.0,24.00073820638914,-0.4186962849567451,2994.3378160559214,24.0,20.0,baseline,fixed baseline schedule
185.05555555555554,24.444666036305673,-0.32967680394457594,2625.035826241548,24.0,20.0,baseline,fixed baseline schedule
186.08333333333334,24.002267689974403,-0.41493635264445416,2968.9917141522496,24.0,20.0,baseline,fixed baseline schedule
187.08333333333334,24.412900198630286,-0.34950245359866083,1925.0187684040384,24.0,20.0,baseline,fixed baseline schedule
188.08333333333334,24.00247624509484,-0.43453949675492826,5189.190063203199,24.0,20.0,baseline,fixed baseline schedule
189.08333333333334,24.330852240798418,-0.35166209678974564,4228.018768404038,24.0,20.0,baseline,fixed baseline schedule
190.0,24.585783623007483,-0.2746148634986302,4228.018768404038,24.0,20.0,baseline,fixed baseline schedule
191.08333333333334,24.043194991692438,-0.37250930676820315,5157.870618111388,24.0,20.0,baseline,fixed baseline schedule
192.0,24.0020398699787,-0.39401693233787527,5709.468263189791,24.0,20.0,baseline,fixed baseline schedule
193.0,24.000244417914296,-0.4077683681391729,5658.301787376142,24.0,20.0,baseline,fixed baseline schedule
194.08333333333334,24.293336113095357,-0.3575545327951736,4778.024130804039,24.0,20.0,baseline,fixed baseline schedule
195.0,24.55281705161131,-0.3089205991165265,4778.024130804039,24.0,20.0,baseline,fixed baseline schedule
196.08333333333334,24.03816080640675,-0.4191868401349214,5625.517857306591,24.0,20.0,baseline,fixed baseline schedule
197.0,24.00172550615298,-0.4364141157753456,3605.233905538917,24.0,20.0,baseline,fixed baseline schedule
198.0,23.999840633645885,-0.4813837414937646,6797.737597880332,24.0,20.0,baseline,fixed baseline schedule
199.0,23.999898856958623,-0.4468980380607552,7784.542665036837,24.0,20.0,baseline,fixed baseline schedule
200.08333333333334,23.999174170380215,-0.3991579932650679,15159.603108386276,24.0,20.0,baseline,fixed baseline schedule
201.0,23.998589487647415,-0.4065032010223653,14796.646829274192,24.0,20.0,baseline,fixed baseline schedule
202.08333333333334,23.999124619104144,-0.41453693309205164,15029.313274770897,24.0,20.0,baseline,fixed baseline schedule
203.08333333333334,23.999130881452054,-0.41669572491044354,15234.679250446237,24.0,20.0,baseline,fixed baseline schedule
204.04166666666666,23.99967586919478,-0.42325692846326235,14418.918832946098,24.0,20.0,baseline,fixed baseline schedule
205.05555555555554,23.999328965564693,-0.41657931556411754,15454.46134391709,24.0,20.0,baseline,fixed baseline schedule
206.0,23.998697161361843,-0.4182664415309498,15619.209030371192,24.0,20.0,baseline,fixed baseline schedule
207.08333333333334,23.99913301861327,-0.42145537960205015,15645.099120771747,24.0,20.0,baseline,fixed baseline schedule
208.05555555555554,23.99936306102014,-0.42381158630095983,15513.246677002895,24.0,20.0,baseline,fixed baseline schedule
209.05555555555554,23.999791493180197,-0.4740964897095767,10118.560000972317,24.0,20.0,baseline,fixed baseline schedule
210.04166666666666,23.999882906510642,-0.5196761602348929,7760.193436956402,24.0,20.0,baseline,fixed baseline schedule
211.05555555555554,23.99992069520538,-0.5490920183602294,7284.487158343554,24.0,20.0,baseline,fixed baseline schedule
212.08333333333334,23.999920345634038,-0.5748195688616737,8673.761964475838,24.0,20.0,baseline,fixed baseline schedule
213.08333333333334,23.999995916744503,-0.5797145429004336,8425.296675452075,24.0,20.0,baseline,fixed baseline schedule
214.08333333333334,24.362073700613017,-0.49687800671070503,5053.026812004038,24.0,20.0,baseline,fixed baseline schedule
215.0,24.268555175520827,-0.5107119303503738,4778.024130804039,24.0,20.0,baseline,fixed baseline schedule
216.08333333333334,24.119583196453306,-0.5444396567664399,4778.024130804039,24.0,20.0,baseline,fixed baseline schedule
217.0,24.073018557517052,-0.5580359089199289,4778.024130804039,24.0,20.0,baseline,fixed baseline schedule
218.0,24.056689587104398,-0.5623292168993531,4778.024130804039,24.0,20.0,baseline,fixed baseline schedule
219.0,23.96107573523304,-0.5857636253359432,4778.024130804039,24.0,20.0,baseline,fixed baseline schedule
220.0,23.925901906676284,-0.5988499976378318,4778.024130804039,24.0,20.0,baseline,fixed baseline schedule
221.08333333333334,23.94410000199992,-0.5931074290953865,2750.026812004039,24.0,20.0,baseline,fixed baseline schedule
222.08333333333334,23.99996402108972,-0.5927531748318465,5742.240778360141,24.0,20.0,baseline,fixed baseline schedule
223.05555555555554,24.00001217988205,-0.5441064921408233,6818.137987570844,24.0,20.0,baseline,fixed baseline schedule
224.05555555555554,23.999634812960096,-0.4587516608881629,14352.734776662657,24.0,20.0,baseline,fixed baseline schedule
225.08333333333334,23.999366941478772,-0.43046716979616495,14895.500971935551,24.0,20.0,baseline,fixed baseline schedule
226.0,23.998934754072298,-0.41538541906759674,15279.167623346253,24.0,20.0,baseline,fixed baseline schedule
227.0,23.99869019177424,-0.4100342770638213,15221.0126963492,24.0,20.0,baseline,fixed baseline schedule
228.0,23.999169422357873,-0.4075192886253571,14324.56484620308,24.0,20.0,baseline,fixed baseline schedule
229.08333333333334,23.99912811724463,-0.39177480461636527,15785.375471512343,24.0,20.0,baseline,fixed baseline schedule
230.0,23.99863235398102,-0.391681273384361,15792.305986245723,24.0,20.0,baseline,fixed baseline schedule
231.08333333333334,23.999238621717172,-0.3852104382695504,15696.07249712183,24.0,20.0,baseline,fixed baseline schedule
232.08333333333334,23.999085099327047,-0.38312474720241063,15235.406857977472,24.0,20.0,baseline,fixed baseline schedule
233.0,23.999641966866598,-0.41940676007335403,9693.733847244237,24.0,20.0,baseline,fixed baseline schedule
234.08333333333334,23.999906702025726,-0.4457708897571121,7554.696043931839,24.0,20.0,baseline,fixed baseline schedule
235.0,23.99988721667551,-0.45657747674366983,7509.592533718151,24.0,20.0,baseline,fixed baseline schedule
236.0,23.999917939832482,-0.45748748518577326,9025.142499225394,24.0,20.0,baseline,fixed baseline schedule
237.0,23.999946076686275,-0.4534321763486655,8987.312526764505,24.0,20.0,baseline,fixed baseline schedule
238.08333333333334,24.292114463562157,-0.4002054504364789,5053.026812004038,24.0,20.0,baseline,fixed baseline schedule
239.0,24.461175195971606,-0.3632305790371716,4778.024130804039,24.0,20.0,baseline,fixed baseline schedule
240.0,24.381160603939705,-0.3841304565542856,4778.024130804039,24.0,20.0,baseline,fixed baseline schedule
241.0,24.000360046288403,-0.4626611987916832,5572.372145354851,24.0,20.0,baseline,fixed baseline schedule
242.0,24.48133852129564,-0.3423806423120721,4778.024130804039,24.0,20.0,baseline,fixed baseline schedule
243.0,24.4829297558075,-0.3205996641299139,4778.024130804039,24.0,20.0,baseline,fixed baseline schedule
244.0,24.46462399018037,-0.311201702931863,4778.024130804039,24.0,20.0,baseline,fixed baseline schedule
245.0,24.4808562602027,-0.2959820078415162,2750.026812004039,24.0,20.0,baseline,fixed baseline schedule
246.0,23.999932972507516,-0.45630327452788905,6282.92420255447,24.0,20.0,baseline,fixed baseline schedule
247.08333333333334,23.999929725064703,-0.44203118969464317,7329.059062293067,24.0,20.0,baseline,fixed baseline schedule
248.0,23.998740924371,-0.4030551142071504,14856.24903486939,24.0,20.0,baseline,fixed baseline schedule
249.0,23.998696200532255,-0.3969921277341155,14952.452604047134,24.0,20.0,baseline,fixed baseline schedule
250.0,23.99867859006869,-0.3938364073804082,15140.225779297685,24.0,20.0,baseline,fixed baseline schedule
251.08333333333334,23.999170769072364,-0.38468910585566657,15339.096553949657,24.0,20.0,baseline,fixed baseline schedule
252.08333333333334,23.99939223104736,-0.3814149973924513,14734.153993134742,24.0,20.0,baseline,fixed baseline schedule
253.08333333333334,23.999052430759782,-0.3714095252027004,15800.029986191563,24.0,20.0,baseline,fixed baseline schedule
254.0,23.99854772753076,-0.3693296170980853,15966.164621301514,24.0,20.0,baseline,fixed baseline schedule
255.0,23.998554881096407,-0.3673534899476425,16160.244201599344,24.0,20.0,baseline,fixed baseline schedule
256.0,23.99844355891727,-0.3629954239570539,16521.33772823339,24.0,20.0,baseline,fixed baseline schedule
257.0833333333333,23.999738846876852,-0.392393881370468,10988.733097889613,24.0,20.0,baseline,fixed baseline schedule
258.05555555555554,23.999920802287463,-0.4084271689883644,8762.899529223076,24.0,20.0,baseline,fixed baseline schedule
259.0833333333333,23.999901016116457,-0.41453496777750937,8402.659792320786,24.0,20.0,baseline,fixed baseline schedule
260.0833333333333,23.99991720836431,-0.4263535031470189,9802.343775325566,24.0,20.0,baseline,fixed baseline schedule
261.0,23.99989779656435,-0.42627121332489953,9689.44262024882,24.0,20.0,baseline,fixed baseline schedule
262.0,24.72982396095003,-0.2774922546549194,5053.026812004038,24.0,20.0,baseline,fixed baseline schedule
263.0833333333333,24.044543857739182,-0.4170316535091578,5626.677495087549,24.0,20.0,baseline,fixed baseline schedule
264.0,24.00193456907573,-0.4378342043000547,5661.68839361138,24.0,20.0,baseline,fixed baseline schedule
265.0,24.00025935746463,-0.4417817000613015,5637.495662600349,24.0,20.0,baseline,fixed baseline schedule
266.0833333333333,24.234616675937637,-0.39972583959614233,4778.024130804039,24.0,20.0,baseline,fixed baseline schedule
267.0,24.480351403061853,-0.33550359023683096,4778.024130804039,24.0,20.0,baseline,fixed baseline schedule
268.0,24.41025382412425,-0.3434964579457483,4778.024130804039,24.0,20.0,baseline,fixed baseline schedule
269.0,24.45809197599837,-0.3243302696082678,2750.026812004039,24.0,20.0,baseline,fixed baseline schedule
270.0833333333333,23.99987627372914,-0.47060392831456355,6358.87394122154,24.0,20.0,baseline,fixed baseline schedule
271.0833333333333,23.999971401047016,-0.44328205251081787,7452.077942039716,24.0,20.0,baseline,fixed baseline schedule
272.0833333333333,23.99920362499992,-0.38846660090242613,15157.435573665123,24.0,20.0,baseline,fixed baseline schedule
273.0,23.998629613923754,-0.38105596561285093,15204.105306918947,24.0,20.0,baseline,fixed baseline schedule
274.03333333333336,23.999600112396013,-0.3727210267635134,15890.982923169748,24.0,20.0,baseline,fixed baseline schedule
275.0,23.99840511187108,-0.3797626744467114,15989.373884731285,24.0,20.0,baseline,fixed baseline schedule
276.05555555555554,23.99954431343233,-0.38657436645450116,15073.224593263156,24.0,20.0,baseline,fixed baseline schedule
277.0833333333333,23.998981613114523,-0.37978390876231855,16260.745391230674,24.0,20.0,baseline,fixed baseline schedule
278.0,23.998546609675678,-0.37874031546049136,16611.076253074018,24.0,20.0,baseline,fixed baseline schedule
279.05555555555554,23.99930532020479,-0.37494588846416393,16856.791670909442,24.0,20.0,baseline,fixed baseline schedule
280.05555555555554,23.999307127322645,-0.37318306749345986,16516.59541504264,24.0,20.0,baseline,fixed baseline schedule
281.0833333333333,23.999716687292015,-0.40512285982372465,11097.512609188847,24.0,20.0,baseline,fixed baseline schedule
282.05555555555554,23.999915045831557,-0.42419324522908985,8792.788824849524,24.0,20.0,baseline,fixed baseline schedule
283.0833333333333,23.99994668532895,-0.42534279861273616,8429.627701603138,24.0,20.0,baseline,fixed baseline schedule
284.0833333333333,23.999957388006763,-0.42390687737512317,9906.805754343979,24.0,20.0,baseline,fixed baseline schedule
285.0,23.99990067512669,-0.4187536606846619,9780.434794643497,24.0,20.0,baseline,fixed baseline schedule
286.0833333333333,24.026240748310272,-0.4097476419777986,5961.197637646107,24.0,20.0,baseline,fixed baseline schedule
287.0,23.99988841341139,-0.43290943909046353,5713.773716502066,24.0,20.0,baseline,fixed baseline schedule
288.0833333333333,24.3628049451327,-0.36225666475844676,4778.024130804039,24.0,20.0,baseline,fixed baseline schedule
289.0,24.55809632189928,-0.3274441431618772,4778.024130804039,24.0,20.0,baseline,fixed baseline schedule
290.0,24.533127389370815,-0.3443684472744626,4778.024130804039,24.0,20.0,baseline,fixed baseline schedule
291.0,24.413417349542865,-0.37865598391623806,4778.024130804039,24.0,20.0,baseline,fixed baseline schedule
292.0,24.393608138623062,-0.36980621512915623,4778.024130804039,24.0,20.0,baseline,fixed baseline schedule
293.0,24.358546191467386,-0.3687683644370322,2750.026812004039,24.0,20.0,baseline,fixed baseline schedule
294.0833333333333,23.999887904716108,-0.48660617456889244,6419.681494560722,24.0,20.0,baseline,fixed baseline schedule
295.0416666666667,23.999953303050386,-0.471282383029956,7677.799604446213,24.0,20.0,baseline,fixed baseline schedule
296.03333333333336,23.999616459126663,-0.42512699668274184,15410.859416634219,24.0,20.0,baseline,fixed baseline schedule
297.05555555555554,23.999396199259895,-0.4185752548086555,15846.240590745167,24.0,20.0,baseline,fixed baseline schedule
298.0833333333333,23.999200125280698,-0.4126557280372684,16091.260506630559,24.0,20.0,baseline,fixed baseline schedule
299.0833333333333,23.999128813039658,-0.4069325393342311,16309.446397906479,24.0,20.0,baseline,fixed baseline schedule
300.0,23.999031283811213,-0.416322768399278,15766.582548308832,24.0,20.0,baseline,fixed baseline schedule
301.0,23.9984536016369,-0.41669695290662034,16583.18098257917,24.0,20.0,baseline,fixed baseline schedule
302.0,23.998581359625657,-0.4277150324506329,16589.667660560168,24.0,20.0,baseline,fixed baseline schedule
303.0833333333333,23.999145013258836,-0.4284297642845423,16711.147603175115,24.0,20.0,baseline,fixed baseline schedule
304.0833333333333,23.999157367237693,-0.4226738347240579,16659.764890679326,24.0,20.0,baseline,fixed baseline schedule
305.05555555555554,23.99979433809213,-0.4678059939791017,11192.476622510341,24.0,20.0,baseline,fixed baseline schedule
306.05555555555554,23.99993024184258,-0.4909538443477892,8901.47575266445,24.0,20.0,baseline,fixed baseline schedule
307.05555555555554,23.99992664869255,-0.49994049816882685,8370.279808633395,24.0,20.0,baseline,fixed baseline schedule
308.05555555555554,24.00000307355642,-0.5033675422802025,9538.626323471164,24.0,20.0,baseline,fixed baseline schedule
309.0833333333333,23.99999676500508,-0.4941741509526232,9261.038467559465,24.0,20.0,baseline,fixed baseline schedule
310.0833333333333,24.69828768455399,-0.35239482863651017,5602.580936442332,24.0,20.0,baseline,fixed baseline schedule
311.0,24.001991689557226,-0.4893192676277161,5582.4455900858975,24.0,20.0,baseline,fixed baseline schedule
312.0,24.414441151559547,-0.4013395301675427,4228.018768404038,24.0,20.0,baseline,fixed baseline schedule
313.0,24.395202717281194,-0.3930539256446882,4228.018768404038,24.0,20.0,baseline,fixed baseline schedule
314.0,24.324545664372906,-0.40264996380685547,4228.018768404038,24.0,20.0,baseline,fixed baseline schedule
315.0,24.2274140439311,-0.4246361497257614,4228.018768404038,24.0,20.0,baseline,fixed baseline schedule
316.0,24.15952463373384,-0.4459832394522591,4228.018768404038,24.0,20.0,baseline,fixed baseline schedule
317.0833333333333,24.17960622142477,-0.4471204386142111,1925.0187684040384,24.0,20.0,baseline,fixed baseline schedule
318.0833333333333,23.999913155481735,-0.5124082630216954,6256.781674797862,24.0,20.0,baseline,fixed baseline schedule
319.05555555555554,23.99998760142343,-0.5101474765008712,6106.293496029999,24.0,20.0,baseline,fixed baseline schedule
320.0416666666667,23.999933293319867,-0.49408180655503225,8311.626324986186,24.0,20.0,baseline,fixed baseline schedule
321.0416666666667,23.999924678744446,-0.49197148311143474,8572.748498028915,24.0,20.0,baseline,fixed baseline schedule
322.05555555555554,23.99991869581418,-0.4895617290669825,8702.318282705346,24.0,20.0,baseline,fixed baseline schedule
323.05555555555554,23.99987237221089,-0.4943877084515683,8744.69953307927,24.0,20.0,baseline,fixed baseline schedule
324.0,23.999899775454377,-0.5133895481554187,6808.544005546704,24.0,20.0,baseline,fixed baseline schedule
325.0833333333333,23.999948391008797,-0.5166844633402626,6873.664093672851,24.0,20.0,baseline,fixed baseline schedule
326.0,23.999925191978605,-0.51773566620621,6843.3517189557,24.0,20.0,baseline,fixed baseline schedule
327.0833333333333,23.999959933543956,-0.5158479028511177,6891.250553322909,24.0,20.0,baseline,fixed baseline schedule
328.05555555555554,23.99996318108812,-0.5161920191003669,6785.474905706022,24.0,20.0,baseline,fixed baseline schedule
329.0416666666667,23.999988829179653,-0.5302735269094119,5545.5819763107565,24.0,20.0,baseline,fixed baseline schedule
330.05555555555554,24.463759385579788,-0.42052283752098885,1925.0187684040384,24.0,20.0,baseline,fixed baseline schedule
331.05555555555554,24.000033642735513,-0.5175978277606768,2687.7383532727395,24.0,20.0,baseline,fixed baseline schedule
332.0833333333333,24.457951016955263,-0.4325117025238014,4228.018768404038,24.0,20.0,baseline,fixed baseline schedule
333.0833333333333,24.36500632638294,-0.4486525665535816,4228.018768404038,24.0,20.0,baseline,fixed baseline schedule
334.0,24.37583121964429,-0.4411079411717654,4228.018768404038,24.0,20.0,baseline,fixed baseline schedule
335.0,24.383105434040747,-0.4306344768677524,4228.018768404038,24.0,20.0,baseline,fixed baseline schedule
336.0,24.43109268937414,-0.4141452706348813,4228.018768404038,24.0,20.0,baseline,fixed baseline schedule
337.0,24.384307714252337,-0.4168201546558743,4228.018768404038,24.0,20.0,baseline,fixed baseline schedule
338.0,24.351230935707274,-0.42010269118591914,4228.018768404038,24.0,20.0,baseline,fixed baseline schedule
339.0,24.272279768459196,-0.4295709166688079,4228.018768404038,24.0,20.0,baseline,fixed baseline schedule
340.0,24.18301405701055,-0.4393557586606104,4228.018768404038,24.0,20.0,baseline,fixed baseline schedule
341.0,24.13636831279176,-0.44439874244010624,1925.0187684040384,24.0,20.0,baseline,fixed baseline schedule
342.0833333333333,24.278662391479283,-0.4067495771556953,1925.0187684040384,24.0,20.0,baseline,fixed baseline schedule
343.05555555555554,24.496592562975042,-0.3482831516898251,1925.0187684040384,24.0,20.0,baseline,fixed baseline schedule
344.05555555555554,24.01351135760648,-0.4540226055738296,2778.541731833565,24.0,20.0,baseline,fixed baseline schedule
345.0416666666667,24.00036331969769,-0.46122600656941026,2830.0410611486905,24.0,20.0,baseline,fixed baseline schedule
346.0416666666667,24.003824897686066,-0.43898988186309645,3547.6049437623924,24.0,20.0,baseline,fixed baseline schedule
347.03333333333336,23.999844994097163,-0.44886998728039956,2960.9963250037144,24.0,20.0,baseline,fixed baseline schedule
348.0833333333333,24.02622723457601,-0.4329943698790871,3053.859488480616,24.0,20.0,baseline,fixed baseline schedule
349.0,23.999499350511364,-0.44558316155127164,3086.0469964788335,24.0,20.0,baseline,fixed baseline schedule
350.0833333333333,24.03064446774608,-0.41673977147512964,4656.757870653746,24.0,20.0,baseline,fixed baseline schedule
351.0416666666667,23.99976657866496,-0.4295592285032119,3810.19628269664,24.0,20.0,baseline,fixed baseline schedule
352.05555555555554,24.014251587475066,-0.4036363544043596,4004.385089739594,24.0,20.0,baseline,fixed baseline schedule
353.05555555555554,23.999530080382463,-0.4212853362644728,3852.480264093878,24.0,20.0,baseline,fixed baseline schedule
354.05555555555554,24.01323255198608,-0.4049914838721987,3019.5300020224695,24.0,20.0,baseline,fixed baseline schedule
355.0833333333333,23.999838305265826,-0.41739212549643373,3047.9544664689074,24.0,20.0,baseline,fixed baseline schedule
356.05555555555554,24.008998795532573,-0.4102669992143576,5073.91144033373,24.0,20.0,baseline,fixed baseline schedule
357.0,23.999761734739153,-0.4178069165867667,5161.959338028685,24.0,20.0,baseline,fixed baseline schedule
358.0833333333333,24.02604926337418,-0.39984514973974494,5144.156703173152,24.0,20.0,baseline,fixed baseline schedule
359.0,23.99964061311463,-0.40636637864804076,5244.895632494709,24.0,20.0,baseline,fixed baseline schedule
360.0833333333333,24.027132522848547,-0.37567969782669836,5817.390836488101,24.0,20.0,baseline,fixed baseline schedule
361.0833333333333,23.999946376684246,-0.39770152674135617,5753.745763541059,24.0,20.0,baseline,fixed baseline schedule
362.0833333333333,24.026597391252928,-0.39097252090809764,5687.587952548387,24.0,20.0,baseline,fixed baseline schedule
363.0,23.99973362788893,-0.411454071575757,5764.021716136487,24.0,20.0,baseline,fixed baseline schedule
364.0833333333333,24.028234632695163,-0.3966108313868518,5727.354986312228,24.0,20.0,baseline,fixed baseline schedule
365.0,23.999716132113107,-0.4111815407454818,3739.342150494153,24.0,20.0,baseline,fixed baseline schedule
366.05555555555554,23.999812046748453,-0.4548427137004971,7748.115182469284,24.0,20.0,baseline,fixed baseline schedule
367.0416666666667,23.999962041691816,-0.4062140341231447,9591.534961014633,24.0,20.0,baseline,fixed baseline schedule
368.0416666666667,23.99941373343795,-0.3606189067499405,17482.410335117136,24.0,20.0,baseline,fixed baseline schedule
369.05555555555554,23.999240814070212,-0.3545791122630106,17999.402850786777,24.0,20.0,baseline,fixed baseline schedule
370.0416666666667,23.999397387834307,-0.3509990844115974,18262.305738664105,24.0,20.0,baseline,fixed baseline schedule
371.0416666666667,23.99940038659025,-0.34429079998164774,18447.57232137102,24.0,20.0,baseline,fixed baseline schedule
372.0,23.99875947209492,-0.3462840640755664,17671.734717279152,24.0,20.0,baseline,fixed baseline schedule
373.0,23.99816554688834,-0.3353270847121158,18887.758469338034,24.0,20.0,baseline,fixed baseline schedule
374.0,23.998233567501217,-0.332099886286617,19197.171115462927,24.0,20.0,baseline,fixed baseline schedule
375.0833333333333,23.998766670198613,-0.3312447700639239,19257.50902767889,24.0,20.0,baseline,fixed baseline schedule
376.05555555555554,23.99914442836785,-0.32741779294460666,19172.53209209533,24.0,20.0,baseline,fixed baseline schedule
377.05555555555554,23.99975665803898,-0.35177064174837813,13626.943247683987,24.0,20.0,baseline,fixed baseline schedule
378.0416666666667,23.999863722979367,-0.365638284502426,11064.51909869051,24.0,20.0,baseline,fixed baseline schedule
379.05555555555554,23.999878687163182,-0.36784016840545924,10551.4114696708,24.0,20.0,baseline,fixed baseline schedule
380.0833333333333,23.9998799724019,-0.36974076401025063,11861.945837592699,24.0,20.0,baseline,fixed baseline schedule
381.0833333333333,23.999850479220008,-0.3714293444436401,11505.224003202811,24.0,20.0,baseline,fixed baseline schedule
382.0,24.000685865031066,-0.3748327141632728,6271.79078282985,24.0,20.0,baseline,fixed baseline schedule
383.05555555555554,24.652631662090528,-0.2519603521967318,4778.024130804039,24.0,20.0,baseline,fixed baseline schedule
384.0,24.000742015446242,-0.3790511215197758,5928.268569578586,24.0,20.0,baseline,fixed baseline schedule
385.05555555555554,24.59799839616359,-0.2658248770106097,4778.024130804039,24.0,20.0,baseline,fixed baseline schedule
386.0,24.00073928734419,-0.3805627139576594,5883.75891708107,24.0,20.0,baseline,fixed baseline schedule
387.05555555555554,24.542189153668712,-0.28144044794200906,4778.024130804039,24.0,20.0,baseline,fixed baseline schedule
388.0,24.000771830047082,-0.3934715841562194,5823.819943668743,24.0,20.0,baseline,fixed baseline schedule
389.05555555555554,24.497007985390642,-0.301076544059889,2750.026812004039,24.0,20.0,baseline,fixed baseline schedule
390.0833333333333,23.99971274070013,-0.4443926287934002,7709.694065331578,24.0,20.0,baseline,fixed baseline schedule
391.0416666666667,23.99996562264009,-0.3931719031475098,9765.764707289094,24.0,20.0,baseline,fixed baseline schedule
392.0416666666667,23.99938740016071,-0.34232528195064726,17991.050232915717,24.0,20.0,baseline,fixed baseline schedule
393.05555555555554,23.99910521940851,-0.33976932221045364,18469.438844530858,24.0,20.0,baseline,fixed baseline schedule
394.05555555555554,23.9991928700188,-0.3397377356713612,18624.153503079113,24.0,20.0,baseline,fixed baseline schedule
395.0833333333333,23.99889385428009,-0.3359192680280938,18773.780956783845,24.0,20.0,baseline,fixed baseline schedule
396.0833333333333,23.999168939108195,-0.33828399134301174,18200.504993944516,24.0,20.0,baseline,fixed baseline schedule
397.0,23.99820014124124,-0.3337658884113882,19101.986790518175,24.0,20.0,baseline,fixed baseline schedule
398.0,23.998211757379707,-0.3380341913747445,19114.529557967053,24.0,20.0,baseline,fixed baseline schedule
399.0833333333333,23.99896856225184,-0.33062801373796824,19519.481995900398,24.0,20.0,baseline,fixed baseline schedule
400.05555555555554,23.999088638616943,-0.3287381700739724,19230.000288580763,24.0,20.0,baseline,fixed baseline schedule
401.05555555555554,23.999737488061278,-0.3634420449981811,13396.737418069435,24.0,20.0,baseline,fixed baseline schedule
402.05555555555554,23.999860371950184,-0.3806313405260037,10682.523880259334,24.0,20.0,baseline,fixed baseline schedule
403.0833333333333,23.999833868417014,-0.3869665905333321,10392.083629223844,24.0,20.0,baseline,fixed baseline schedule
404.0833333333333,23.99986716152629,-0.3945421876217691,11507.543944691712,24.0,20.0,baseline,fixed baseline schedule
405.0,23.999788557764887,-0.40116157104931094,11394.722484878163,24.0,20.0,baseline,fixed baseline schedule
406.0833333333333,24.00320969548651,-0.3993487234462995,6198.472309023524,24.0,20.0,baseline,fixed baseline schedule
407.05555555555554,24.629332262249775,-0.27419657069323344,4778.024130804039,24.0,20.0,baseline,fixed baseline schedule
408.0,24.00080727420744,-0.39025503504328407,5914.470465997338,24.0,20.0,baseline,fixed baseline schedule
409.05555555555554,24.603736255967895,-0.27518475989211116,4778.024130804039,24.0,20.0,baseline,fixed baseline schedule
410.0,24.000804112481838,-0.3895469310343408,5874.231805713913,24.0,20.0,baseline,fixed baseline schedule
411.05555555555554,24.56412395155964,-0.2838411204248679,4778.024130804039,24.0,20.0,baseline,fixed baseline schedule
412.0,24.00082280163157,-0.395901661434026,5839.062148224313,24.0,20.0,baseline,fixed baseline schedule
413.05555555555554,24.520294042148805,-0.3016616481365098,2750.026812004039,24.0,20.0,baseline,fixed baseline schedule
414.0833333333333,23.999718667005553,-0.4483541070818579,7783.828499895222,24.0,20.0,baseline,fixed baseline schedule
415.0416666666667,23.999968244707055,-0.40533726190632874,9700.911942780032,24.0,20.0,baseline,fixed baseline schedule
416.0416666666667,23.999402770638696,-0.3573610388965867,17666.575569587112,24.0,20.0,baseline,fixed baseline schedule
417.0416666666667,23.999395165643318,-0.3499572757483087,18084.784439091345,24.0,20.0,baseline,fixed baseline schedule
418.05555555555554,23.99922224797306,-0.3462734121653228,18526.653064576065,24.0,20.0,baseline,fixed baseline schedule
419.0833333333333,23.998927129662555,-0.3389673031660527,18722.745482582628,24.0,20.0,baseline,fixed baseline schedule
420.0833333333333,23.999185341421363,-0.33987654523477095,18129.17757633824,24.0,20.0,baseline,fixed baseline schedule
421.0,23.998108061112696,-0.33164722892021237,19100.281210851354,24.0,20.0,baseline,fixed baseline schedule
422.0,23.998252692280325,-0.32749299005474697,19307.494711085685,24.0,20.0,baseline,fixed baseline schedule
423.0833333333333,23.998767265608056,-0.3317289958725363,19224.75613175812,24.0,20.0,baseline,fixed baseline schedule
424.05555555555554,23.999187545374454,-0.32739031330494844,19509.21077318518,24.0,20.0,baseline,fixed baseline schedule
425.0416666666667,23.999810552612924,-0.3525262998411009,13473.729241584377,24.0,20.0,baseline,fixed baseline schedule
426.05555555555554,23.9998452962491,-0.3653956547089715,11061.346213976245,24.0,20.0,baseline,fixed baseline schedule
427.05555555555554,23.99986621770655,-0.3700872814946787,10498.195184964892,24.0,20.0,baseline,fixed baseline schedule
428.0833333333333,23.99984887376296,-0.3784679228045074,11658.573798297617,24.0,20.0,baseline,fixed baseline schedule
429.0,23.99978015072946,-0.3795810778410502,11497.086072229447,24.0,20.0,baseline,fixed baseline schedule
430.0833333333333,24.003227472815666,-0.3850838114513241,6237.866658700201,24.0,20.0,baseline,fixed baseline schedule
431.05555555555554,24.653045587482225,-0.2657222393078682,4778.024130804039,24.0,20.0,baseline,fixed baseline schedule
432.0,24.000833777751954,-0.3896350478445025,5918.498066792916,24.0,20.0,baseline,fixed baseline schedule
433.05555555555554,24.612117652226367,-0.2754775150651429,4778.024130804039,24.0,20.0,baseline,fixed baseline schedule
434.0,24.000889318644123,-0.39427830052316365,5852.125881519292,24.0,20.0,baseline,fixed baseline schedule
435.05555555555554,24.553470921286742,-0.292137362097631,4778.024130804039,24.0,20.0,baseline,fixed baseline schedule
436.0,24.000834664272762,-0.40313141254937923,5817.3561834605525,24.0,20.0,baseline,fixed baseline schedule
437.05555555555554,24.50932169544972,-0.30872530468624054,2750.026812004039,24.0,20.0,baseline,fixed baseline schedule
438.0833333333333,23.999723755617325,-0.4507723439382848,7717.727010094095,24.0,20.0,baseline,fixed baseline schedule
439.0416666666667,23.999951304251788,-0.4034478944754642,9757.281587188878,24.0,20.0,baseline,fixed baseline schedule
440.05555555555554,23.99926671184157,-0.3531582560689531,17520.822183024295,24.0,20.0,baseline,fixed baseline schedule
441.05555555555554,23.99921365686771,-0.3442554579208046,18217.277465035317,24.0,20.0,baseline,fixed baseline schedule
442.0416666666667,23.99933802960417,-0.3428673660176239,18534.47182891584,24.0,20.0,baseline,fixed baseline schedule
443.05555555555554,23.999233225099637,-0.3337395542218688,19036.316807186435,24.0,20.0,baseline,fixed baseline schedule
444.0833333333333,23.999192469469087,-0.3290943730056718,18240.86119814789,24.0,20.0,baseline,fixed baseline schedule
445.0,23.99798171353449,-0.329248030305346,19143.883871756272,24.0,20.0,baseline,fixed baseline schedule
446.0,23.998182615739395,-0.33645030640671697,19393.752136004237,24.0,20.0,baseline,fixed baseline schedule
447.0833333333333,23.998914814808515,-0.3346163578859765,19676.87275886827,24.0,20.0,baseline,fixed baseline schedule
448.0833333333333,23.99894174085101,-0.31874508494801346,19689.901637265444,24.0,20.0,baseline,fixed baseline schedule
449.05555555555554,23.999813302475047,-0.3330414781384041,13866.964130430071,24.0,20.0,baseline,fixed baseline schedule
450.05555555555554,23.999827553267263,-0.34415375142388865,11155.097259365635,24.0,20.0,baseline,fixed baseline schedule
451.0833333333333,23.999805251957902,-0.3457148204279106,10688.449340525403,24.0,20.0,baseline,fixed baseline schedule
452.05555555555554,23.99981121412421,-0.37044008782541366,10836.635414325461,24.0,20.0,baseline,fixed baseline schedule
453.0833333333333,23.9999075993923,-0.3815881915863717,10625.734054104767,24.0,20.0,baseline,fixed baseline schedule
454.0,24.000783874758778,-0.3871986344684535,6133.121970138749,24.0,20.0,baseline,fixed baseline schedule
455.05555555555554,24.560584581538514,-0.2827112584351032,4778.024130804039,24.0,20.0,baseline,fixed baseline schedule
456.0,24.000837730596785,-0.3923244853013286,5868.360835572019,24.0,20.0,baseline,fixed baseline schedule
457.05555555555554,24.549114693155346,-0.29331965552623745,4778.024130804039,24.0,20.0,baseline,fixed baseline schedule
458.0,24.000888066432395,-0.40872063224833144,5812.254318249697,24.0,20.0,baseline,fixed baseline schedule
459.05555555555554,24.49378531495985,-0.3249948232384927,4778.024130804039,24.0,20.0,baseline,fixed baseline schedule
460.0,24.000818709566186,-0.42531235864391903,5749.215249990541,24.0,20.0,baseline,fixed baseline schedule
461.05555555555554,24.446052093505525,-0.342252096903337,2750.026812004039,24.0,20.0,baseline,fixed baseline schedule
462.0833333333333,23.99972964223648,-0.46793618600051806,7363.165640158713,24.0,20.0,baseline,fixed baseline schedule
463.05555555555554,23.999951387692544,-0.43302231828665655,8777.849273332631,24.0,20.0,baseline,fixed baseline schedule
464.0416666666667,23.999487550398435,-0.3785514450006038,16619.815578702506,24.0,20.0,baseline,fixed baseline schedule
465.0416666666667,23.999440723692828,-0.3690194068239766,16994.65804135199,24.0,20.0,baseline,fixed baseline schedule
466.0416666666667,23.999397681001817,-0.3703430916962541,17171.863095673587,24.0,20.0,baseline,fixed baseline schedule
467.05555555555554,23.999180262497614,-0.37962481453343494,17226.83057169548,24.0,20.0,baseline,fixed baseline schedule
468.0,23.998855731696924,-0.3976157188603073,16257.265075365736,24.0,20.0,baseline,fixed baseline schedule
469.0,23.998359950914885,-0.39998418526281126,17006.88322251379,24.0,20.0,baseline,fixed baseline schedule
470.0833333333333,23.99903611665892,-0.4094643494347929,17082.61759140862,24.0,20.0,baseline,fixed baseline schedule
471.0833333333333,23.999137995710292,-0.41175136065791607,17152.97400774651,24.0,20.0,baseline,fixed baseline schedule
472.0833333333333,23.999149525583285,-0.4033526288913087,17151.779630106954,24.0,20.0,baseline,fixed baseline schedule
473.0416666666667,23.999878216570437,-0.4366809237145053,11380.060099358483,24.0,20.0,baseline,fixed baseline schedule
474.05555555555554,23.99988236193447,-0.4611119222963074,9048.479714023675,24.0,20.0,baseline,fixed baseline schedule
475.05555555555554,23.999920155614024,-0.47407938642270975,8505.484426630803,24.0,20.0,baseline,fixed baseline schedule
476.0833333333333,23.99996146291625,-0.48373393312703356,9861.185130102547,24.0,20.0,baseline,fixed baseline schedule
477.0833333333333,24.0000032068762,-0.475774539334538,9585.029930658204,24.0,20.0,baseline,fixed baseline schedule
478.0833333333333,24.00297087587181,-0.4707410020948149,5936.802969494336,24.0,20.0,baseline,fixed baseline schedule
479.0833333333333,24.4270763224053,-0.3927945184256068,4778.024130804039,24.0,20.0,baseline,fixed baseline schedule
480.0833333333333,24.042523002494747,-0.4551276896432092,5043.757084748369,24.0,20.0,baseline,fixed baseline schedule
481.0,24.001767487719647,-0.47095747680019,5038.048447221378,24.0,20.0,baseline,fixed baseline schedule
482.0,24.00176646628475,-0.4661416326610317,5023.728532591713,24.0,20.0,baseline,fixed baseline schedule
483.0,24.457488244151268,-0.36020967114852476,4228.018768404038,24.0,20.0,baseline,fixed baseline schedule
484.0,24.402731984165417,-0.35833759905204676,4228.018768404038,24.0,20.0,baseline,fixed baseline schedule
485.0,24.39970512669828,-0.3537830916627878,1925.0187684040384,24.0,20.0,baseline,fixed baseline schedule
486.05555555555554,23.99984942695489,-0.4751484896613176,6730.572307148375,24.0,20.0,baseline,fixed baseline schedule
487.0416666666667,23.999985818371435,-0.4702149485052245,6798.886333798373,24.0,20.0,baseline,fixed baseline schedule
488.03333333333336,23.999941690680146,-0.454385253300201,9073.372274266007,24.0,20.0,baseline,fixed baseline schedule
489.0416666666667,23.99990507192439,-0.45179262766939654,9281.844562431837,24.0,20.0,baseline,fixed baseline schedule
490.0416666666667,23.999883644941885,-0.45805801560232795,9495.542571041904,24.0,20.0,baseline,fixed baseline schedule
491.0833333333333,23.999818345143993,-0.46458009795810234,9396.120171372015,24.0,20.0,baseline,fixed baseline schedule
492.0833333333333,23.999926518718404,-0.4792061412285541,7728.352085666105,24.0,20.0,baseline,fixed baseline schedule
493.0,23.99987550156699,-0.48147992484679836,7710.310238155322,24.0,20.0,baseline,fixed baseline schedule
494.0416666666667,23.99995099453045,-0.48619065872352885,7705.3504548753735,24.0,20.0,baseline,fixed baseline schedule
495.0416666666667,23.999935263897243,-0.5029952082171102,7187.441694006802,24.0,20.0,baseline,fixed baseline schedule
496.05555555555554,23.99995043816819,-0.5160877480865003,6966.537367084089,24.0,20.0,baseline,fixed baseline schedule
497.05555555555554,24.000061736406145,-0.5001147692273911,5556.299726461008,24.0,20.0,baseline,fixed baseline schedule
498.0833333333333,24.004000989121607,-0.4702623870373257,2737.10100792167,24.0,20.0,baseline,fixed baseline schedule
499.0833333333333,24.002072797974712,-0.4623728588300846,2786.7887666601564,24.0,20.0,baseline,fixed baseline schedule
500.0833333333333,24.288427213752257,-0.4193599695981328,4228.018768404038,24.0,20.0,baseline,fixed baseline schedule
501.0,24.475231066877726,-0.3793583564813136,4228.018768404038,24.0,20.0,baseline,fixed baseline schedule
502.0,24.47014576398133,-0.376675894199732,4228.018768404038,24.0,20.0,baseline,fixed baseline schedule
503.0,24.4646702887337,-0.37185562452916743,4228.018768404038,24.0,20.0,baseline,fixed baseline schedule
504.0,24.347867613390274,-0.39041872529305854,4228.018768404038,24.0,20.0,baseline,fixed baseline schedule
505.0,24.381935065884296,-0.3585208975477853,4228.018768404038,24.0,20.0,baseline,fixed baseline schedule
506.0,24.316477229149868,-0.3610315606304014,4228.018768404038,24.0,20.0,baseline,fixed baseline schedule
507.0,24.272782875894354,-0.36729367307508676,4228.018768404038,24.0,20.0,baseline,fixed baseline schedule
508.0,24.230298557981108,-0.37622513559687437,4228.018768404038,24.0,20.0,baseline,fixed baseline schedule
509.0,24.146580612958665,-0.39730288681961284,1925.0187684040384,24.0,20.0,baseline,fixed baseline schedule
510.05555555555554,24.263079252812446,-0.36587212155085225,1925.0187684040384,24.0,20.0,baseline,fixed baseline schedule
511.03333333333336,24.000054501290265,-0.41827052771622125,2806.111341074945,24.0,20.0,baseline,fixed baseline schedule
512.0333333333333,24.276280464674123,-0.3856523616517447,2638.3495291822924,24.0,20.0,baseline,fixed baseline schedule
513.0333333333333,24.00544132508337,-0.45398364517402306,2882.880722540619,24.0,20.0,baseline,fixed baseline schedule
514.0833333333334,24.445905149253775,-0.38727320833655315,2598.222064137608,24.0,20.0,baseline,fixed baseline schedule
515.0,24.00099993152125,-0.490883218334477,2895.407901459954,24.0,20.0,baseline,fixed baseline schedule
516.0833333333334,24.475328612279974,-0.4111621658057401,1925.0187684040384,24.0,20.0,baseline,fixed baseline schedule
517.0833333333334,24.002531488906477,-0.5122333345711052,2916.579111961981,24.0,20.0,baseline,fixed baseline schedule
518.0555555555555,24.46148454675539,-0.4206428049404164,1925.0187684040384,24.0,20.0,baseline,fixed baseline schedule
519.0555555555555,24.001195644291485,-0.4916554907450289,3606.7314655121863,24.0,20.0,baseline,fixed baseline schedule
520.0416666666666,24.447934574812784,-0.40092037928409596,3215.797269350365,24.0,20.0,baseline,fixed baseline schedule
521.0555555555555,24.00047068261645,-0.4844332369453616,2917.213424512283,24.0,20.0,baseline,fixed baseline schedule
522.0416666666666,24.45463708353076,-0.4010862073800971,2526.061760205936,24.0,20.0,baseline,fixed baseline schedule
523.0555555555555,24.000469248016117,-0.4856843944965363,2889.1049082562677,24.0,20.0,baseline,fixed baseline schedule
524.0555555555555,24.44203261664228,-0.4093781669750553,4228.018768404038,24.0,20.0,baseline,fixed baseline schedule
525.0833333333334,24.00284865565679,-0.492646076831772,5135.878265489254,24.0,20.0,baseline,fixed baseline schedule
526.0833333333334,24.386619799547525,-0.4169935955034747,4228.018768404038,24.0,20.0,baseline,fixed baseline schedule
527.0555555555555,24.019081576797518,-0.4602849216086227,5036.574545108825,24.0,20.0,baseline,fixed baseline schedule
528.0833333333334,24.359503467510066,-0.39785008788201526,4778.024130804039,24.0,20.0,baseline,fixed baseline schedule
529.0,24.55971339144264,-0.3476909928411024,4778.024130804039,24.0,20.0,baseline,fixed baseline schedule
530.0,24.531235911124295,-0.34929973190567887,4778.024130804039,24.0,20.0,baseline,fixed baseline schedule
531.0,24.493753031363337,-0.3584965405401942,4778.024130804039,24.0,20.0,baseline,fixed baseline schedule
532.0,24.37787562507475,-0.3893144727398841,4778.024130804039,24.0,20.0,baseline,fixed baseline schedule
533.0,24.486421495362865,-0.34746874964648833,2750.026812004039,24.0,20.0,baseline,fixed baseline schedule
534.0555555555555,23.999877101667686,-0.4897724836749566,6645.850638271002,24.0,20.0,baseline,fixed baseline schedule
535.0333333333333,23.99998638020806,-0.45586975515035194,8510.15341543714,24.0,20.0,baseline,fixed baseline schedule
536.0333333333333,23.9996057540116,-0.39915169047481547,16500.95482881542,24.0,20.0,baseline,fixed baseline schedule
537.0333333333333,23.999528491096243,-0.3980407700132555,16874.46951478529,24.0,20.0,baseline,fixed baseline schedule
538.0555555555555,23.999302234915653,-0.4056443412191403,17043.955554478565,24.0,20.0,baseline,fixed baseline schedule
539.0833333333334,23.99912562974493,-0.40421755633341194,17062.29176860887,24.0,20.0,baseline,fixed baseline schedule
540.0555555555555,23.99950161352334,-0.41408673738572815,16390.577973142594,24.0,20.0,baseline,fixed baseline schedule
541.0,23.998596472958987,-0.4020156152736042,17361.006462671023,24.0,20.0,baseline,fixed baseline schedule
542.0833333333334,23.9991736890664,-0.3928165589943887,17658.7845973185,24.0,20.0,baseline,fixed baseline schedule
543.0555555555555,23.999355615887474,-0.3866409795820551,17479.07044108686,24.0,20.0,baseline,fixed baseline schedule
544.0833333333334,23.9990410539398,-0.3807321472596425,17690.57091816509,24.0,20.0,baseline,fixed baseline schedule
545.0555555555555,23.999797124818308,-0.4154098205019746,12024.251138926946,24.0,20.0,baseline,fixed baseline schedule
546.0416666666666,23.999923897293378,-0.4354795409808371,9541.708237345134,24.0,20.0,baseline,fixed baseline schedule
547.0555555555555,23.999931994827804,-0.4388949670829471,9018.330698504686,24.0,20.0,baseline,fixed baseline schedule
548.0833333333334,23.99994716962746,-0.44365961247250496,10348.167010581059,24.0,20.0,baseline,fixed baseline schedule
549.0833333333334,23.999950099369386,-0.44094350846278063,10115.887209498718,24.0,20.0,baseline,fixed baseline schedule
550.0,24.0009467917927,-0.44139114417492037,6073.041674379876,24.0,20.0,baseline,fixed baseline schedule
551.0555555555555,24.50432258733697,-0.3491881807416471,4778.024130804039,24.0,20.0,baseline,fixed baseline schedule
552.0,24.000847745155028,-0.4438869709362905,5737.43912120847,24.0,20.0,baseline,fixed baseline schedule
553.0833333333334,24.478282599563073,-0.35497080326998576,4778.024130804039,24.0,20.0,baseline,fixed baseline schedule
554.0,24.001049442045357,-0.44911624654744386,5711.305130521783,24.0,20.0,baseline,fixed baseline schedule
555.0833333333334,24.429012142517102,-0.37195668746021765,4778.024130804039,24.0,20.0,baseline,fixed baseline schedule
556.0,24.000972913300824,-0.4571566180584979,5692.476095956158,24.0,20.0,baseline,fixed baseline schedule
557.0833333333334,24.43334738415951,-0.3742646832525694,2750.026812004039,24.0,20.0,baseline,fixed baseline schedule
558.0833333333334,23.99983192097378,-0.4901944256356711,7051.141622004614,24.0,20.0,baseline,fixed baseline schedule
559.0416666666666,23.999995215570827,-0.4494487509008896,8742.14946800139,24.0,20.0,baseline,fixed baseline schedule
560.0416666666666,23.99951861714716,-0.38965497033794905,16630.577190478183,24.0,20.0,baseline,fixed baseline schedule
561.0833333333334,23.999071491156347,-0.3784358496428749,16865.8287807349,24.0,20.0,baseline,fixed baseline schedule
562.0833333333334,23.99907455117161,-0.3709880765934111,17193.807366365698,24.0,20.0,baseline,fixed baseline schedule
563.0555555555555,23.99929196928027,-0.3621847341633743,17310.73566571765,24.0,20.0,baseline,fixed baseline schedule
564.0833333333334,23.999345313021678,-0.358656218964766,16927.79311706331,24.0,20.0,baseline,fixed baseline schedule
565.0,23.998222498227893,-0.3507956254564635,18018.46780831205,24.0,20.0,baseline,fixed baseline schedule
566.0,23.99838813747415,-0.344537377944608,18534.222226369187,24.0,20.0,baseline,fixed baseline schedule
567.0,23.99832017187806,-0.34064064606763544,18760.07547606199,24.0,20.0,baseline,fixed baseline schedule
568.0833333333334,23.998832073664513,-0.3410193638275245,18410.776468731165,24.0,20.0,baseline,fixed baseline schedule
569.0555555555555,23.999780958932305,-0.37067047929091407,12839.186556636729,24.0,20.0,baseline,fixed baseline schedule
570.0555555555555,23.99987634538763,-0.3822296274198357,10486.989322568581,24.0,20.0,baseline,fixed baseline schedule
571.0555555555555,23.99990319105061,-0.3835259750513565,9974.73345691019,24.0,20.0,baseline,fixed baseline schedule
572.0833333333334,23.999904128306127,-0.3842822770693122,11255.559021279052,24.0,20.0,baseline,fixed baseline schedule
573.0,23.999806932481075,-0.38528805368467234,11068.158130086951,24.0,20.0,baseline,fixed baseline schedule
574.0,24.000736942698257,-0.39321241857371303,6231.858815865594,24.0,20.0,baseline,fixed baseline schedule
575.0555555555555,24.592844503231362,-0.2789591161453817,4778.024130804039,24.0,20.0,baseline,fixed baseline schedule
576.0,24.00073671480865,-0.3944071661996599,5913.1815517598625,24.0,20.0,baseline,fixed baseline schedule
577.0555555555555,24.551175300071133,-0.2981217036874429,4778.024130804039,24.0,20.0,baseline,fixed baseline schedule
578.0,24.000795227590178,-0.4086447498624801,5852.343250362699,24.0,20.0,baseline,fixed baseline schedule
579.0555555555555,24.46547448691261,-0.32345373296339897,4778.024130804039,24.0,20.0,baseline,fixed baseline schedule
580.0,24.000718092519506,-0.41314337199403306,5764.036365577312,24.0,20.0,baseline,fixed baseline schedule
581.0833333333334,24.459371545701003,-0.3293363049303841,2750.026812004039,24.0,20.0,baseline,fixed baseline schedule
582.0,23.99973536466137,-0.46573719986559353,7123.0417981452265,24.0,20.0,baseline,fixed baseline schedule
583.0,23.999886114225937,-0.4288401499959782,8086.22212501859,24.0,20.0,baseline,fixed baseline schedule
584.0555555555555,23.999356836908717,-0.37639025578339624,15766.707787365445,24.0,20.0,baseline,fixed baseline schedule
585.0555555555555,23.999313782199756,-0.36364046417573287,16443.578955886453,24.0,20.0,baseline,fixed baseline schedule
586.0,23.99846288152239,-0.3589621109568731,16258.43841016613,24.0,20.0,baseline,fixed baseline schedule
587.0833333333334,23.998967555958068,-0.3552067047032767,16536.003301637422,24.0,20.0,baseline,fixed baseline schedule
588.0555555555555,23.99949366853317,-0.35366771185840434,16127.919057863874,24.0,20.0,baseline,fixed baseline schedule
589.0416666666666,23.99936952683465,-0.3420664518016353,17507.65778610987,24.0,20.0,baseline,fixed baseline schedule
590.0,23.998355961853314,-0.3461889294585555,17928.61798990843,24.0,20.0,baseline,fixed baseline schedule
591.0,23.998320388076454,-0.35358066763221957,17619.141121937224,24.0,20.0,baseline,fixed baseline schedule
592.0833333333334,23.998894890740807,-0.3571746743474053,17595.989255443586,24.0,20.0,baseline,fixed baseline schedule
593.0416666666666,23.99985006696178,-0.3891783499069159,11727.369811753415,24.0,20.0,baseline,fixed baseline schedule
594.0416666666666,23.999919325292574,-0.4037936955419862,9084.51157454376,24.0,20.0,baseline,fixed baseline schedule
595.0555555555555,23.999909741671622,-0.4139964980247956,8449.659190142993,24.0,20.0,baseline,fixed baseline schedule
596.0833333333334,23.999927500660363,-0.4253617181234636,9815.915004053644,24.0,20.0,baseline,fixed baseline schedule
597.0833333333334,23.99990621727372,-0.43616150631804923,9585.189757817994,24.0,20.0,baseline,fixed baseline schedule
598.0833333333334,24.026691135657696,-0.4353948157306042,5930.831716855809,24.0,20.0,baseline,fixed baseline schedule
599.0,24.000027871316338,-0.4625261346297202,5641.38203750783,24.0,20.0,baseline,fixed baseline schedule
600.0833333333334,24.351369844920583,-0.3955503072999672,4778.024130804039,24.0,20.0,baseline,fixed baseline schedule
601.0,24.58154186402884,-0.3417192188282601,4778.024130804039,24.0,20.0,baseline,fixed baseline schedule
602.0833333333334,24.03919928096264,-0.44296309791243965,5586.944686410287,24.0,20.0,baseline,fixed baseline schedule
603.0,24.50736319813133,-0.34857881204917207,4778.024130804039,24.0,20.0,baseline,fixed baseline schedule
604.0,24.47205012572432,-0.36103271008486004,4778.024130804039,24.0,20.0,baseline,fixed baseline schedule
605.0,24.420361268597052,-0.37132175833585795,2750.026812004039,24.0,20.0,baseline,fixed baseline schedule
606.0555555555555,23.99989178194665,-0.48939627052495605,6695.064676820151,24.0,20.0,baseline,fixed baseline schedule
607.0416666666666,23.999979789465964,-0.4563455488832611,7985.382583288627,24.0,20.0,baseline,fixed baseline schedule
608.0555555555555,23.999392784944902,-0.4074853073740066,15399.162881331018,24.0,20.0,baseline,fixed baseline schedule
609.0333333333333,23.999597419369156,-0.4008356158648653,15831.29580759679,24.0,20.0,baseline,fixed baseline schedule
610.0416666666666,23.999501227319165,-0.39767118734353407,16232.353001051593,24.0,20.0,baseline,fixed baseline schedule
611.0833333333334,23.99911783891853,-0.39197831807791383,16342.785210203769,24.0,20.0,baseline,fixed baseline schedule
612.0833333333334,23.999374223174907,-0.39383778145169307,15625.056734659596,24.0,20.0,baseline,fixed baseline schedule
613.0,23.9984659694801,-0.3926584852225591,16679.552434746787,24.0,20.0,baseline,fixed baseline schedule
614.0,23.998505510118612,-0.40217795489217417,16704.624777744342,24.0,20.0,baseline,fixed baseline schedule
615.0555555555555,23.9992419547006,-0.4121712513460174,16420.987826075354,24.0,20.0,baseline,fixed baseline schedule
616.0555555555555,23.99941283478683,-0.4074877232383669,16437.336568911254,24.0,20.0,baseline,fixed baseline schedule
617.0555555555555,23.999848538893406,-0.438834112645771,10928.444729947525,24.0,20.0,baseline,fixed baseline schedule
618.0555555555555,23.99990725555742,-0.4557543722720083,8797.272988372286,24.0,20.0,baseline,fixed baseline schedule
619.0555555555555,23.999908816275592,-0.46675768878568574,8331.798210676934,24.0,20.0,baseline,fixed baseline schedule
620.0555555555555,24.000028610329075,-0.4621058974710185,9657.244954929549,24.0,20.0,baseline,fixed baseline schedule
621.0833333333334,23.9999918496623,-0.44499194986304985,9553.014024040302,24.0,20.0,baseline,fixed baseline schedule
622.0833333333334,24.026475606919206,-0.4318391301040207,5931.8934829318605,24.0,20.0,baseline,fixed baseline schedule
623.0833333333334,24.002290651036557,-0.4435331963554434,5648.529287389141,24.0,20.0,baseline,fixed baseline schedule
624.0,24.617308685918186,-0.3157529401705641,4778.024130804039,24.0,20.0,baseline,fixed baseline schedule
625.0833333333334,24.044096919385034,-0.4273076618002688,5612.787851033713,24.0,20.0,baseline,fixed baseline schedule
626.0,24.001712842080842,-0.4519171355515935,5581.95403877609,24.0,20.0,baseline,fixed baseline schedule
627.0833333333334,24.037901433744274,-0.4330534909974363,5567.191003701065,24.0,20.0,baseline,fixed baseline schedule
628.0,24.509824732123842,-0.34279084792095144,4778.024130804039,24.0,20.0,baseline,fixed baseline schedule
629.0,24.36615326592747,-0.3793278206315841,2750.026812004039,24.0,20.0,baseline,fixed baseline schedule
630.0416666666666,23.99989999258234,-0.4899987813872077,6643.796555125256,24.0,20.0,baseline,fixed baseline schedule
631.0333333333333,23.999986502129552,-0.44870205074216285,8284.789783443694,24.0,20.0,baseline,fixed baseline schedule
632.0333333333333,23.99955787619043,-0.40262880861203426,16126.494043300561,24.0,20.0,baseline,fixed baseline schedule
633.0416666666666,23.99944609576567,-0.40616191619571984,16370.240462482976,24.0,20.0,baseline,fixed baseline schedule
634.0555555555555,23.99932415425478,-0.4112024007598126,16653.38164207695,24.0,20.0,baseline,fixed baseline schedule
635.0555555555555,23.99931267004641,-0.41578074020100514,16671.17269663608,24.0,20.0,baseline,fixed baseline schedule
636.0833333333334,23.999421873476358,-0.42262255133926246,16083.466293330086,24.0,20.0,baseline,fixed baseline schedule
637.0,23.99852154181064,-0.41555267153638853,17073.245037846023,24.0,20.0,baseline,fixed baseline schedule
638.0833333333334,23.999157457162365,-0.4159602479973557,17300.893207124704,24.0,20.0,baseline,fixed baseline schedule
639.0833333333334,23.99919659558997,-0.40935474373153097,17594.535159610125,24.0,20.0,baseline,fixed baseline schedule
640.0555555555555,23.999387300322606,-0.3975158571307078,17730.800790985148,24.0,20.0,baseline,fixed baseline schedule
641.0555555555555,23.999818397015623,-0.4305978194345007,12014.289267680138,24.0,20.0,baseline,fixed baseline schedule
642.0416666666666,23.999950184236173,-0.44283314690343756,9664.977969802943,24.0,20.0,baseline,fixed baseline schedule
643.0555555555555,23.999946026899323,-0.4410173029603308,9335.616051266144,24.0,20.0,baseline,fixed baseline schedule
644.0833333333334,23.999946152664744,-0.4409858083456072,10570.947610741301,24.0,20.0,baseline,fixed baseline schedule
645.0,23.9998852644196,-0.4345119015385281,10474.632237009157,24.0,20.0,baseline,fixed baseline schedule
646.0,24.00095909210088,-0.4369261423272108,6112.078252350332,24.0,20.0,baseline,fixed baseline schedule
647.0555555555555,24.548896120371953,-0.33346626538867596,4778.024130804039,24.0,20.0,baseline,fixed baseline schedule
648.0,24.00085742978703,-0.4379293794316634,5215.521884741953,24.0,20.0,baseline,fixed baseline schedule
649.0833333333334,24.291333184702225,-0.3921379660930719,4228.018768404038,24.0,20.0,baseline,fixed baseline schedule
650.0833333333334,24.44121669016002,-0.3564369516670371,4228.018768404038,24.0,20.0,baseline,fixed baseline schedule
651.0,24.419090209192863,-0.3624253532635573,4228.018768404038,24.0,20.0,baseline,fixed baseline schedule
652.0,24.499337729626568,-0.32273494265734787,4228.018768404038,24.0,20.0,baseline,fixed baseline schedule
653.0,24.397937073994555,-0.35519367978230215,1925.0187684040384,24.0,20.0,baseline,fixed baseline schedule
654.0833333333334,23.999798357320785,-0.47460043362791254,6716.694794825159,24.0,20.0,baseline,fixed baseline schedule
655.0555555555555,23.999986381088682,-0.4563785361111784,6848.608736245313,24.0,20.0,baseline,fixed baseline schedule
656.0555555555555,23.99992010937715,-0.432101880139222,9131.972265862594,24.0,20.0,baseline,fixed baseline schedule
657.0833333333334,23.999867053698004,-0.4163817309201705,9333.161801023278,24.0,20.0,baseline,fixed baseline schedule
658.0416666666666,23.999918618761388,-0.40357900038065436,9944.748175966282,24.0,20.0,baseline,fixed baseline schedule
659.0555555555555,23.999832337026202,-0.3993664382027071,10372.690726929344,24.0,20.0,baseline,fixed baseline schedule
660.0555555555555,23.99990553183754,-0.4128733282774981,8625.639351370213,24.0,20.0,baseline,fixed baseline schedule
661.0833333333334,23.999877312790424,-0.41938351358572606,8664.462820629798,24.0,20.0,baseline,fixed baseline schedule
662.0,23.999817876912246,-0.4309342796412222,8578.986120994972,24.0,20.0,baseline,fixed baseline schedule
663.0,23.99983755050113,-0.4367400197247815,8520.15466675519,24.0,20.0,baseline,fixed baseline schedule
664.0555555555555,23.99995799384359,-0.432970224183348,7868.830891376756,24.0,20.0,baseline,fixed baseline schedule
665.0555555555555,23.999978889291633,-0.43669022180269607,6920.571048482363,24.0,20.0,baseline,fixed baseline schedule
666.0555555555555,24.008459516142036,-0.42670009717695484,2845.9010740432527,24.0,20.0,baseline,fixed baseline schedule
667.0555555555555,23.99988768558415,-0.452191141165513,2857.4470235781387,24.0,20.0,baseline,fixed baseline schedule
668.0555555555555,24.56266715450068,-0.338039058562673,4748.069186056393,24.0,20.0,baseline,fixed baseline schedule
669.0833333333334,24.00376074546333,-0.446532365252184,5076.560203546339,24.0,20.0,baseline,fixed baseline schedule
670.0,24.001855176490515,-0.4466228574442864,5062.344459444585,24.0,20.0,baseline,fixed baseline schedule
671.0,24.460105946082354,-0.33199398205721076,4228.018768404038,24.0,20.0,baseline,fixed baseline schedule
672.0,24.445184502458456,-0.3189768786910344,4228.018768404038,24.0,20.0,baseline,fixed baseline schedule
673.0,24.480537574319772,-0.30257380311121884,4228.018768404038,24.0,20.0,baseline,fixed baseline schedule
674.0,24.47984465788914,-0.3029942441722859,4228.018768404038,24.0,20.0,baseline,fixed baseline schedule
675.0,24.459497446455178,-0.31277069698393123,4228.018768404038,24.0,20.0,baseline,fixed baseline schedule
676.0,24.42959784214154,-0.32522814359517715,4228.018768404038,24.0,20.0,baseline,fixed baseline schedule
677.0,24.40028575321104,-0.335980021989722,1925.0187684040384,24.0,20.0,baseline,fixed baseline schedule
678.0833333333334,24.621463401353687,-0.2890499370189686,2445.069186056393,24.0,20.0,baseline,fixed baseline schedule
679.0555555555555,24.023872106985625,-0.42836867252290367,3206.440973493399,24.0,20.0,baseline,fixed baseline schedule
680.0416666666666,23.999932444057695,-0.4571014877004651,3481.152716615258,24.0,20.0,baseline,fixed baseline schedule
681.0416666666666,24.300992388786067,-0.40492482440182614,3485.968870000662,24.0,20.0,baseline,fixed baseline schedule
682.0416666666666,24.000745433540885,-0.4794307094124859,3443.0146478496254,24.0,20.0,baseline,fixed baseline schedule
683.0555555555555,24.008537931248643,-0.4812214472465733,2828.7124911177534,24.0,20.0,baseline,fixed baseline schedule
684.0555555555555,23.999915439804596,-0.5037364806317538,2857.1044179400765,24.0,20.0,baseline,fixed baseline schedule
685.0833333333334,24.02853348260514,-0.4967141269158628,2879.141418819371,24.0,20.0,baseline,fixed baseline schedule
686.0,24.000046696995554,-0.5189798093111995,2888.4500903578864,24.0,20.0,baseline,fixed baseline schedule
687.0555555555555,24.011263746288655,-0.5135305594087062,3614.3621732651354,24.0,20.0,baseline,fixed baseline schedule
688.0333333333333,23.999947139859795,-0.532109487556678,2870.904267116186,24.0,20.0,baseline,fixed baseline schedule
689.0416666666666,24.00534055776925,-0.5249496008888987,3628.2551277425864,24.0,20.0,baseline,fixed baseline schedule
690.0416666666666,23.99993587649984,-0.53154685101673,2847.6404312678865,24.0,20.0,baseline,fixed baseline schedule
691.0416666666666,24.004893445422283,-0.5228602258338657,3338.9688355712856,24.0,20.0,baseline,fixed baseline schedule
692.0555555555555,23.99998595844045,-0.5438762428147018,5064.133501546015,24.0,20.0,baseline,fixed baseline schedule
693.0833333333334,24.686672605867628,-0.4113829569236521,4774.220955863743,24.0,20.0,baseline,fixed baseline schedule
694.0,24.000003283037213,-0.5371027426443163,5034.918505860388,24.0,20.0,baseline,fixed baseline schedule
695.0833333333334,24.248848864190947,-0.4789725637399346,4228.018768404038,24.0,20.0,baseline,fixed baseline schedule
696.0,24.488682027511377,-0.40997873355394543,4778.024130804039,24.0,20.0,baseline,fixed baseline schedule
697.0,24.46563646364162,-0.4086877569827171,4778.024130804039,24.0,20.0,baseline,fixed baseline schedule
698.0,24.44034055035425,-0.41271543456850857,4778.024130804039,24.0,20.0,baseline,fixed baseline schedule
699.0,24.378586607262953,-0.41096150884503013,4778.024130804039,24.0,20.0,baseline,fixed baseline schedule
700.0,24.35115775001821,-0.41659440448878243,4778.024130804039,24.0,20.0,baseline,fixed baseline schedule
701.0,24.309359449922624,-0.42593822917837615,2750.026812004039,24.0,20.0,baseline,fixed baseline schedule
702.0833333333334,23.99991571517619,-0.5255761628961062,6221.2826520306335,24.0,20.0,baseline,fixed baseline schedule
703.0416666666666,23.999995631915773,-0.49632204048167583,7412.614310943531,24.0,20.0,baseline,fixed baseline schedule
704.0416666666666,23.999611547414364,-0.43031844518098666,15231.109898938055,24.0,20.0,baseline,fixed baseline schedule
705.0416666666666,23.99950418905337,-0.4231804956035081,15591.803772214575,24.0,20.0,baseline,fixed baseline schedule
706.0416666666666,23.999531477105567,-0.42252116713962773,16021.644309739913,24.0,20.0,baseline,fixed baseline schedule
707.0416666666666,23.99949435879657,-0.42152416885628224,16451.73457357397,24.0,20.0,baseline,fixed baseline schedule
708.0833333333334,23.999416608350423,-0.4289219035984391,15927.093362488202,24.0,20.0,baseline,fixed baseline schedule
709.0833333333334,23.99907115847298,-0.4218609956651113,16689.165305848015,24.0,20.0,baseline,fixed baseline schedule
710.0,23.998613237835116,-0.4298688944110687,16598.03441030122,24.0,20.0,baseline,fixed baseline schedule
711.0833333333334,23.99902541057397,-0.438739956523641,16621.123856241822,24.0,20.0,baseline,fixed baseline schedule
712.0555555555555,23.999502997025413,-0.4286713105651336,16693.08509036738,24.0,20.0,baseline,fixed baseline schedule
713.0555555555555,23.999801670673932,-0.46959267825193846,11146.109372521467,24.0,20.0,baseline,fixed baseline schedule
714.0555555555555,23.999909548735204,-0.4990948418868052,8875.82229032103,24.0,20.0,baseline,fixed baseline schedule
715.0555555555555,23.999909134545472,-0.5147150835894532,8411.770040492322,24.0,20.0,baseline,fixed baseline schedule
716.0833333333334,24.000005714722313,-0.5173965349986962,9837.209625599216,24.0,20.0,baseline,fixed baseline schedule
717.0833333333334,23.999992607188812,-0.506172986586768,9647.72437046443,24.0,20.0,baseline,fixed baseline schedule
718.0,24.000986166408868,-0.5008251314020516,5972.51648913841,24.0,20.0,baseline,fixed baseline schedule
719.0833333333334,24.434610926729743,-0.4165070512792878,4778.024130804039,24.0,20.0,baseline,fixed baseline schedule
720.0,24.001017876962262,-0.49595942009223104,5634.8844202474465,24.0,20.0,baseline,fixed baseline schedule
721.0833333333334,24.314536599151324,-0.4313785844714611,4778.024130804039,24.0,20.0,baseline,fixed baseline schedule
722.0,24.6090656086403,-0.3657836625575802,4778.024130804039,24.0,20.0,baseline,fixed baseline schedule
723.0833333333334,24.04477075105109,-0.4733274216891983,5586.646110189618,24.0,20.0,baseline,fixed baseline schedule
724.0,24.00200832744333,-0.4954472901435041,5594.203179618467,24.0,20.0,baseline,fixed baseline schedule
725.0,24.00198338577116,-0.4897868423104889,3533.48584737932,24.0,20.0,baseline,fixed baseline schedule
726.0833333333334,23.999890880500224,-0.5217060080028942,6537.534434118428,24.0,20.0,baseline,fixed baseline schedule
727.0416666666666,23.999958189982266,-0.49073222128995947,8083.757967053678,24.0,20.0,baseline,fixed baseline schedule
728.0333333333333,23.99967006345446,-0.4290944398590065,15669.050147853617,24.0,20.0,baseline,fixed baseline schedule
729.0333333333333,23.99961248209975,-0.41496236048185803,16332.602978606381,24.0,20.0,baseline,fixed baseline schedule
730.0416666666666,23.999519199770553,-0.4086940281072945,16759.087490922386,24.0,20.0,baseline,fixed baseline schedule
731.0833333333334,23.999015128879545,-0.40925118168601754,16924.958059655703,24.0,20.0,baseline,fixed baseline schedule
732.0833333333334,23.99942894211172,-0.41239598258057925,16412.457809745727,24.0,20.0,baseline,fixed baseline schedule
733.0833333333334,23.999313038896148,-0.38187704177045917,17931.068432341097,24.0,20.0,baseline,fixed baseline schedule
734.0833333333334,23.99892885214981,-0.3770487501554074,17815.753488665967,24.0,20.0,baseline,fixed baseline schedule
735.0416666666666,23.999477064189236,-0.37498985037730376,17206.425837424915,24.0,20.0,baseline,fixed baseline schedule
736.0555555555555,23.999296916599853,-0.3666772355336186,17415.673481476824,24.0,20.0,baseline,fixed baseline schedule
737.0555555555555,23.999828264599856,-0.3934728211004228,11311.9962295686,24.0,20.0,baseline,fixed baseline schedule
738.0555555555555,23.999839233816726,-0.4211042638181705,9003.676296176367,24.0,20.0,baseline,fixed baseline schedule
739.0555555555555,23.999890787483313,-0.44017876366224945,8574.651761192812,24.0,20.0,baseline,fixed baseline schedule
740.0833333333334,23.999873746763818,-0.46054904171113753,9997.475516668796,24.0,20.0,baseline,fixed baseline schedule
741.0833333333334,23.999912645731833,-0.474964181644788,9721.020267750133,24.0,20.0,baseline,fixed baseline schedule
742.0,24.00110847761478,-0.4957828685058034,5969.785221809923,24.0,20.0,baseline,fixed baseline schedule
743.0833333333334,24.47241592328945,-0.425920373317357,4778.024130804039,24.0,20.0,baseline,fixed baseline schedule
744.0,24.001161781111982,-0.5195301396729861,5622.22378439963,24.0,20.0,baseline,fixed baseline schedule
